[
  {
    "id": "de42901e-0152-40e3-bbd1-580ef61bac87",
    "data": [
      {
        "text": "the other skill I want to search is ",
        "userDefined": false
      },
      {
        "text": "xyz",
        "alias": "any",
        "meta": "@sys.any",
        "userDefined": true
      }
    ],
    "isTemplate": false,
    "count": 0,
    "updated": 0
  },
  {
    "id": "84127c07-f266-4132-b9c9-b10abe7e6380",
    "data": [
      {
        "text": "xyz",
        "alias": "any",
        "meta": "@sys.any",
        "userDefined": true
      }
    ],
    "isTemplate": false,
    "count": 0,
    "updated": 0
  },
  {
    "id": "295d6b4b-011c-40f0-b847-b1685bdfe565",
    "data": [
      {
        "text": "other skill is ",
        "userDefined": false
      },
      {
        "text": "xyz",
        "alias": "any",
        "meta": "@sys.any",
        "userDefined": true
      }
    ],
    "isTemplate": false,
    "count": 0,
    "updated": 0
  }
]