[
  {
    "id": "bad6bc63-3e21-4590-acb5-f9ff354d2f9b",
    "data": [
      {
        "text": "update",
        "userDefined": false
      }
    ],
    "isTemplate": false,
    "count": 0,
    "updated": 0
  },
  {
    "id": "0df005e8-f5bf-4775-80c0-f8e75b4c2b86",
    "data": [
      {
        "text": "update skill",
        "userDefined": false
      }
    ],
    "isTemplate": false,
    "count": 0,
    "updated": 0
  },
  {
    "id": "210de300-52c8-41ff-ad45-48223d545dc4",
    "data": [
      {
        "text": "update my skill set",
        "userDefined": false
      }
    ],
    "isTemplate": false,
    "count": 0,
    "updated": 0
  },
  {
    "id": "b90ec82d-2ef7-4709-aa82-11455f5593f5",
    "data": [
      {
        "text": "update skillset",
        "userDefined": false
      }
    ],
    "isTemplate": false,
    "count": 0,
    "updated": 0
  }
]